RANK,TICKER,"COMPANY
NAME","RBICS L5
NAME",COUNTRY,"MKT CAP
(USD mm)","ADV 30D
(USD mm)","FLOAT
(%)",REVENUE ANNUAL,"EPS 
ANNUAL","SALES CAGR
NEXT 2Y","EPS CAGR 
NEXT 2Y","GROSS MARGIN
LTM","EBITDA MARGIN
LTM","NET PROFIT MARGIN
LTM","NET DEBT/EBITDA
NTM","FCF YIELD
NTM","DIVIDEND YIELD
NTM","ROE
NTM","ROIC
NTM","RULE
OF 40","P/E
NTM","P/S 
NTM","EV/SALES
NTM","EV/EBITDA
NTM","P/E NTM
CHANGE 52W","EV/EBITDA NTM
CHANGE 52W",PRICE VS 52W HIGH,TGT PRICE UPSIDE,PRICE VS 50 DAY MA,PRICE VS 100 DAY MA,PRICE VS 200 DAY MA,ANALYST RATING,"REVENUE
SCORE","EPS
SCORE","SALES GR
SCORE","EPS GR
SCORE","GROSS MG
SCORE","EBITDA MG
SCORE","NET MG
SCORE","ND/EBITDA
SCORE","FCF YLD
SCORE","DIV YLD
SCORE","ROE
SCORE","ROIC
SCORE","RULE 40
SCORE","P/E
SCORE","P/S
SCORE","EV/SALES
SCORE","EV/EBITDA
SCORE","P/E NTM
CHANGE 52W2","EV/EBITDA NTM
CHANGE 52W3","52W HIGH
SCORE","TGT UPSD
SCORE","VS 50D MA
SCORE","VS 100D MA
SCORE","VS 200D MA
SCORE","CLAUDE
SCORE","CAPE IMC
SCORE"
49,MSFT-US,Microsoft Corporation,General and Mixed-Type Software,United States,2886458.151,18471.92428,0.985049,281724,13.64,0.159297675,0.173044927,68.58632916,60.48753818,39.04430469,-0.31553403,2.6104133,1.0059155,25.73449,24.826925,72.48735623,21.222652,7.918316,8.048757,13.207731,-0.376011224,-0.372972147,-0.307822486,0.547363123,-0.149365016,-0.198107177,-0.209945866,Buy,100,95.4,60.9,53.5,40.2,97.4,95.1,29.3,16.6,80.7,65.4,77.7,93.9,49.5,19.6,15,60.5,18.4,18.7,80.4,49.4,32.2,32.2,28.8,46.76,46.76
55,ORCL-US,Oracle Corporation,Diversified Hosting Services,United States,427833.8392,4691.456619,0.594396,57399,6.03,0.347395747,0.18532949,65.39980661,43.62718587,25.27984004,3.068023,-6.2614565,1.27569,46.373432,12.480082,62.74960114,18.214998,4.988567,6.4531846,11.562435,-0.601623687,-0.577590912,-0.591258822,0.956494445,-0.207640652,-0.343477964,-0.359758964,Overweight,98.8,73.5,96.5,58.3,29.2,90.9,84.3,1.3,1.1,83.3,88.8,30.5,86.5,59.8,47.2,29.9,69.8,69,64,6.8,87.3,50.6,80.5,71.3,44.99,44.99
6,PLTR-US,Palantir Technologies Inc. Class A,Government and Not-For-Profit Industry Software,United States,336172.3381,8177.546442,0.954546,4475.446,0.75,0.492234633,0.526264885,82.36651721,32.17913924,36.30996777,-2.705259,1.3933583,0,28.095499,,107.1295009,95.56792,40.923298,42.994976,75.45702,-0.625707825,-0.631509659,-0.370663069,0.43471608,-0.209421086,-0.241938603,-0.189565777,Overweight,74.7,28.7,98.8,96.4,86.5,79.2,93.9,78.1,5.9,0,74,,98.7,6.9,1.2,1.2,3.5,80.5,80.3,68.9,34.4,51.8,43.7,26.5,60.91,60.91
34,SAP-DE,SAP SE,General Enterprise Management Software,Germany,242462.5145,838.6479578,0.899713,43900.56,7.3366423,0.104109234,0.164714686,76.1576087,31.5326087,19.91032609,-0.5300741,5.013855,1.6261681,17.38037,14.442204,54.30960984,22.773624,5.0223513,4.7740746,14.565427,-0.462725082,-0.458199564,-0.370686965,0.476505029,-0.125611245,-0.182422969,-0.252386526,Overweight,97.7,83.9,37.9,51.1,63.4,77.9,74.6,36.6,48.8,89.7,37,41.6,74.3,46,44.9,49.5,51.2,33.4,36.1,67.8,40.2,25.3,28.8,38,52.05,52.05
21,CRM-US,"Salesforce, Inc.",Customer Relationship Management Software,United States,171568.08,2647.20583,0.973343,37895,10.2,0.101868459,0.133877727,75.43468016,30.42885135,17.91303916,-0.8570388,8.987673,0.54822236,17.97703,16.227503,49.22868249,13.429183,3.5994625,3.6638117,8.859649,-0.510305881,-0.505356597,-0.441452174,0.71242198,-0.229211066,-0.250414742,-0.284277958,Overweight,96.5,90.8,34.4,30.9,58.5,72.7,67.4,45.2,86.9,74.3,39.5,47.2,59.7,80.5,62.1,62.1,82.6,51.8,41.9,52.8,70.1,63.3,48.3,49.5,56.09,56.09
3,APP-US,AppLovin Corp. Class A,Customer Relationship Management Software,United States,129388.9794,3484.432211,0.72632,5480.717,9.75,0.349925479,0.423595027,85.47090443,75.7358377,56.59227623,-0.42678946,4.133404,0,103.400764,53.829605,98.71524984,23.36385,15.498193,15.834437,18.763908,-0.602043131,-0.57149028,-0.489518649,0.763679523,-0.33071177,-0.354806601,-0.248741669,Buy,79.3,89.6,97.7,91.6,95.1,100,98.7,33,35.7,0,97.5,98.6,97.5,44.9,4.6,4.6,33.8,70.2,60.5,40.2,75.8,93.2,85.1,34.5,66.565,66.565
43,PANW-US,"Palo Alto Networks, Inc.",Network Infrastructure Software,United States,120789.32,2446.222732,0.990915,9221.5,3.34,0.179384712,0.111354264,73.50429078,21.63888692,12.9572539,-2.2321532,3.9309635,0,23.755276,25.798018,46.05039107,36.994705,9.507862,7.947498,25.421486,-0.343816816,-0.430606681,-0.355395555,0.445616137,-0.192385315,-0.250203198,-0.250698097,Overweight,93.1,59.7,74.7,23.8,46.3,51.9,56.6,68.3,32.1,0,56.7,79.1,53.6,23,12.7,17.3,21,15,26.8,72.4,37.9,43.7,47.2,35.7,49.08,49.08
8,NOW-US,"ServiceNow, Inc.",General Enterprise Management Software,United States,108058.7088,2735.240265,0.993324,13278,3.51,0.193987144,0.201171761,77.53426721,19.59632475,13.16463323,-1.4552133,5.441205,0,27.548153,24.649586,58.20563653,23.378342,6.4261065,6.1934485,16.868046,-0.600053376,-0.612272592,-0.52335463,0.862026786,-0.243400471,-0.347693988,-0.418994923,Buy,94.2,60.9,81.6,66.6,69.5,50.6,59,58.6,55.9,0,69.1,76.3,80.4,43.7,31.1,33.4,44.2,67.9,75.6,26.4,82.7,71.3,84,81.7,60.775,60.775
15,INTU-US,Intuit Inc.,Enterprise Resource Planning Software,United States,103108.1812,1945.563392,0.978557,18831,20.15,0.125178697,0.140610407,77.40956106,30.92162816,21.19075799,-0.4046916,7.5722923,1.324946,27.715878,22.811453,57.46602404,14.391171,4.39781,4.580006,10.719163,-0.590402392,-0.580427505,-0.558129532,1.048857461,-0.353678049,-0.408130368,-0.460019437,Buy,95.4,98.8,45.9,35.7,68.2,75.3,79.5,31.8,73.8,84.6,70.3,70.8,79.2,77.1,54.1,52.9,74.5,64.4,67.5,14.9,91.9,96.6,95.5,93.2,58.6,58.6
54,CRWD-US,"CrowdStrike Holdings, Inc.",Network Infrastructure Software,United States,91633.00982,1715.807283,0.966678,3953.624,3.93,0.216080754,0.279128531,74.0981931,0.042035693,-6.881696358,-3.702828,2.065706,0,21.458122,19.054632,54.70470143,71.66353,14.866601,14.157742,50.852592,-0.440544417,-0.42447451,-0.382025049,0.543053007,-0.224478953,-0.275880558,-0.2559989,Overweight,73.5,66.6,87.3,79.7,50,18.1,14.4,85.4,10.7,0,48.1,56.9,75.6,10.4,5.8,5.8,8.2,27.6,25.6,66.6,48.2,56.4,54.1,40.3,45.005,45.005
67,SNPS-US,"Synopsys, Inc.",Electronic Design Automation Software,United States,82403.03977,1030.880656,0.958762,7054.178,12.91,0.182437102,0.160103573,71.24620073,27.11310118,18.94930707,1.7020272,2.639589,0,8.844393,6.7557173,54.84103642,27.694574,8.096202,8.1493,19.644585,-0.297560989,-0.450394026,-0.354303162,0.32155399,-0.109613663,-0.075597302,-0.152845874,Overweight,88.5,94.2,77,48.8,43.9,68.8,69.8,9.8,17.8,0,9.8,12.5,76.8,33.4,17.3,13.8,29.1,5.8,31.4,73.5,17.2,21.9,15,17.3,41.56,41.56
29,CDNS-US,"Cadence Design Systems, Inc.",Electronic Design Automation Software,United States,77676.36695,876.8799815,0.995944,5297,7.14,0.126156206,0.140392169,85.61033266,35.98632673,20.93521718,-0.48385942,2.337546,0,33.955963,23.697756,61.85614261,33.909355,12.451492,12.401833,26.141085,-0.314357304,-0.310657027,-0.256730731,0.336669049,-0.093027854,-0.121930523,-0.136561794,Buy,78.1,80.4,48.2,33.3,96.3,84.4,78.3,35.4,13,0,80.2,72.2,85.3,27.6,8.1,8.1,18.7,11.5,14,87.3,18.3,20.7,18.4,15,53.175,53.175
66,SNOW-US,"Snowflake, Inc.",Business Intelligence Software,United States,61951.83959,1274.135605,0.963378,3626.396,0.83,0.236229995,0.345171216,65.96196431,-26.91711488,-30.76420161,-3.7790012,2.746923,0,22.349436,12.440651,40.64418182,93.54551,9.179448,8.997378,63.571102,-0.47965249,-0.530539081,-0.438486479,0.721706218,-0.226990964,-0.306587071,-0.278813263,Buy,72.4,29.8,93.1,89.2,30.4,3.8,3.6,86.6,19,0,51.8,29.1,40.2,8.1,13.8,12.7,5.9,40.3,50,54,72.4,59.8,69,47.2,41.655,41.655
19,FTNT-US,"Fortinet, Inc.",Network Infrastructure Software,United States,57033.09651,615.7566922,0.826212,6799.6,2.76,0.108908743,0.097189911,82.29601741,37.68751103,27.25748573,-1.822627,4.5880256,0,65.12728,49.254208,51.53955507,24.995655,7.284897,7.1550274,19.56985,-0.431818559,-0.431972447,-0.340141398,0.182539683,-0.060685203,-0.078155018,-0.142494015,Hold,87.3,55.1,40.2,17.8,85.3,85.7,86.7,62.2,40.4,0,93.8,97.2,68.2,36.8,24.2,20.7,30.3,26.5,29.1,74.7,6.8,15,16.1,16.1,56.795,56.795
59,CRWV-US,"CoreWeave, Inc. Class A",Industry-Specific Software,United States,54129.98495,2435.454131,0.763845,1915.4,-0.26905,0.866200016,,49.23090754,50.04356179,-17.80195917,4.240571,-34.865524,0,0.86377084,-0.40093547,,1351.2893,3.561841,4.6239905,6.8084702,-0.724616016,-0.566071769,-0.514224599,0.372900594,0.048360292,-0.073651063,-0.167488044,Overweight,54,1.1,100,,12.1,96.1,9.6,0,0,0,1.2,2.7,,1.2,63.3,51.8,93.1,87.4,59.4,31,25.2,3.5,13.8,20.7,43.82,43.82
88,402340-KR,"SK Square Co., Ltd.",Customer Relationship Management Software,South Korea,53077.1283,280.4900984,0.674351,1312.099,18.967724,-0.00184946,0.310288365,,,624.7492598,-0.4583578,-0.058061004,0.058095213,38.616474,37.50924,187.4264018,5.645327,45.251053,44.537064,5.268172,-0.143682341,-0.248356225,-0.028475722,0.037356369,0.359173379,0.671000116,1.333276937,Buy,43.6,96.5,0,86.9,,,100,34.2,3.5,70.5,85.1,94.4,100,98.9,0,0,100,0,7,100,3.4,0,0,0,17.13,17.13
17,ADSK-US,"Autodesk, Inc.",Computer Aided Design Software,United States,47435.25984,550.9545785,0.996575,6131,8.47,0.106732578,0.139893811,84.9636099,21.74672489,16.17176128,-0.63059753,5.601096,0,52.564907,34.828053,50.12433076,18.690819,5.784708,5.9221034,14.789385,-0.394896589,-0.383526338,-0.335622474,0.599788557,-0.185121991,-0.236157984,-0.256376864,Buy,81.6,86.2,39,32.1,93.9,54.5,66.2,39.1,58.3,0,91.3,91.6,62.1,58.7,36.8,34.5,48.9,19.6,21,77,55.1,41.4,40.3,41.4,57.695,57.695
36,DDOG-US,"Datadog, Inc.",Network Infrastructure Software,United States,38235.54663,866.7276293,0.982656,3427.158,2.05,0.196633403,0.143248442,79.92791695,2.279089555,3.143741841,-4.4224153,3.059231,0,16.434992,13.954511,51.70282458,46.30939,8.541273,8.048321,33.213017,-0.472310343,-0.522266226,-0.491224156,0.792611022,-0.210052879,-0.298868104,-0.26054467,Buy,70.1,47.1,83.9,38,80.4,20.7,32.5,91.5,23.8,0,34.5,36.1,69.5,17.3,15,16.1,15.2,36.8,47.7,39,79.3,52.9,63.3,43.7,51.415,51.415
62,ROP-US,"Roper Technologies, Inc.",Industry-Specific Software,United States,36430.97975,821.6675519,0.996059,7902.5,20,0.070961484,0.080163969,69.24391016,39.64947801,19.44068333,2.100207,7.5321093,1.0127928,10.865233,5.4934,52.01143075,15.449473,4.202303,5.2713695,13.324187,-0.473107046,-0.419687618,-0.435956441,0.383675901,-0.162989839,-0.227870361,-0.316256056,Overweight,90.8,97.7,14.9,7.1,41.4,87,73.4,7.4,72.6,82,16,8.3,73.1,71.3,58.7,41.4,59.4,38,24.5,55.1,27.5,34.5,38,56.4,42.855,42.855
13,WDAY-US,"Workday, Inc. Class A",Enterprise Resource Planning Software,United States,35934.53872,807.754805,0.992681,8446,7.3,0.121518613,0.194210116,75.55676263,13.15589354,6.974470397,-0.5695402,9.660057,0,28.074976,21.25662,45.82226062,11.898599,3.147408,2.9314497,8.805442,-0.621211068,-0.607446051,-0.540177936,0.764790341,-0.315150902,-0.382926418,-0.423229637,Overweight,91.9,82.7,42.5,63,60.9,40.2,39.7,37.9,92.8,0,72.8,68,51.2,86.3,70.2,77.1,83.8,77.1,74.5,24.1,77,87.4,90.9,82.8,58.99,58.99
45,PAYX-US,"Paychex, Inc.",Enterprise Resource Planning Software,United States,31545.38646,403.3768946,0.896826,5571.7,4.98,0.069940933,0.075285962,73.3621704,48.19602579,26.44558246,0.9063601,7.1802707,5.2672133,46.336205,21.683899,51.13894789,15.08365,4.632926,5.162851,11.052857,-0.499008672,-0.508262809,-0.4580129,0.360077126,-0.178184992,-0.221137225,-0.318612536,Hold,80.4,70.1,13.7,5.9,45.1,93.5,85.5,17.1,70.2,100,87.6,69.4,67,73.6,49.5,43.7,72.1,47.2,44.2,45.9,24.1,36.8,36.8,57.5,48.175,48.175
10,FICO-US,Fair Isaac Corporation,Other Business Administrative Services,United States,30798.80843,465.5564665,0.969984,1990.869,29.88,0.178909411,0.269527629,82.8569074,48.75401142,31.88733118,1.7981107,3.9559934,0,,60.54419,71.08079647,28.101692,11.501592,12.770789,20.840979,-0.571253343,-0.542504957,-0.422059885,0.524362692,-0.181903786,-0.216348553,-0.216721209,Overweight,56.3,100,73.5,78.5,89,94.8,91.5,8.6,33.3,0,,100,92.6,32.2,10.4,6.9,26.8,59.8,53.5,57.4,47.1,38,34.5,31.1,60.715,60.715
80,HEXA.B-SE,Hexagon AB Class B,Computer Aided Design Software,Sweden,29185.04471,63.58491763,0.79279,6455.6353,0.4841875,0.034468753,0.088073159,77.31037416,,11.34798845,0.8275954,5.5282345,1.5372388,10.815139,7.3070254,50.92544574,21.236212,4.502823,5.123356,13.706473,-0.171315244,-0.15622503,-0.162993379,0.175832873,-0.041061497,-0.068953014,-0.029607975,Overweight,86.2,20.6,2.2,10.7,67,,50.6,19.6,57.1,85.8,13.5,16.6,64.6,48.3,51.8,46,58.2,1.2,0,96.5,5.7,13.8,12.7,11.5,36.135,36.135
26,VEEV-US,Veeva Systems Inc Class A,Healthcare and Pharma Industry Software,United States,28497.39487,446.3140687,0.909193,2746.619,6.6,0.126014787,0.114030879,75.39715984,30.57330486,27.930464,-4.8861623,5.435598,0,16.29397,15.319014,58.92423742,19.87432,7.8885264,6.282036,13.777671,-0.464666872,-0.531367957,-0.445507246,0.75408027,-0.185069693,-0.297232319,-0.337998909,Overweight,64.3,77,47.1,25,57.3,74,87.9,94,54.7,0,33.3,43,81.7,52.9,20.7,32.2,54.7,35.7,51.2,50.5,74.7,40.3,62.1,59.8,53.85,53.85
33,DSY-FR,Dassault Systemes SE,Computer Aided Design Software,France,27660.43435,100.0873055,0.49186,7399.8535,1.5535945,0.038564875,0.043335852,78.31358147,31.14004843,19.1782799,-1.2144964,6.584404,1.6293863,17.429865,13.976014,49.0876476,12.828401,3.6166306,3.343952,9.453738,-0.550742878,-0.554795297,-0.537689936,0.437593844,-0.228100705,-0.27276667,-0.349299662,Overweight,89.6,40.2,4.5,1.1,71.9,76.6,71,52.5,66.6,91,38.2,37.5,58.5,84,61,69,80.3,55.2,57,25.2,35.6,62.1,52.9,64.4,52.125,52.125
68,MDB-US,"MongoDB, Inc.",Data Storage Infrastructure Software,United States,26353.81906,572.1220071,0.96787,2006.443,3.66,0.181303263,0.184570555,71.14261953,-5.247412416,-3.057886871,-4.8626227,1.8845614,0,14.111966,14.1703615,34.69871404,53.042007,8.485216,7.7217402,38.66991,-0.395748149,-0.435889873,-0.313343227,0.481151063,-0.226234004,-0.173416812,0.010746509,Overweight,57.4,64.3,75.8,57.1,42.6,11.6,22.8,92.7,9.5,0,24.6,38.8,25.6,15,16.1,18.4,14,20.7,30.3,78.1,41.3,58.7,26.5,9.2,41.235,41.235
51,300033-CN,"Hithink RoyalFlush Information Network Co., Ltd. Class A",Finance Industry Software,China,26247.97321,563.9906894,0.663556,576.40814,0.46668825,0.174418835,0.192179391,90.87594661,,46.51932992,,,2.053879,30.924192,,59.47633588,48.227043,24.801876,23.46975,44.79058,-0.492077129,-0.585272676,-0.217300633,0.289197875,-0.005919646,-0.006492143,0.081906007,Buy,9.1,19.5,70.1,61.9,98.7,,96.3,,,93.5,79,,82.9,16.1,3.5,3.5,9.4,42.6,68.7,93.1,13.7,9.2,6.9,5.8,45.77,45.77
25,ZS-US,"Zscaler, Inc.",Network Infrastructure Software,United States,24387.28876,485.9352882,0.643117,2673.115,3.28,0.201663472,0.183816455,76.54725702,0.579365483,-1.448572534,-3.2672007,4.3836513,0,21.666864,14.370346,48.83944744,34.263447,6.2386327,5.798325,23.250305,-0.608027613,-0.588904823,-0.574824179,1.03634464,-0.308247488,-0.432406904,-0.464390691,Buy,62,58.6,85,55.9,64.6,19.4,26.5,84.2,38,0,50.6,40.2,57.3,26.5,32.2,35.7,23.3,73.6,69.8,10.3,89.6,85.1,97.8,94.3,54.115,54.115
32,PTC-US,PTC Inc.,Manufacturing Industry Software,United States,18122.36518,207.4747106,0.996712,2739.226,8,0.059875181,0.065959943,82.60400717,44.02293348,28.85804967,0.45589823,5.7767406,0,25.465902,17.190683,68.5078389,18.126995,6.193278,6.648795,13.746341,-0.421492133,-0.387970395,-0.313214074,0.306842988,-0.090381301,-0.149867181,-0.181179058,Overweight,63.2,85,9.1,3.5,87.8,92.2,89.1,20.8,59.5,0,62.9,55.5,90.2,62.1,33.4,27.6,55.9,24.2,23.3,79.3,14.9,19.6,23,25.3,52.24,52.24
74,SSNC-US,"SS&C Technologies Holdings, Inc.",Finance Industry Software,United States,17567.52488,198.0606344,0.862589,6276.2,6.14,0.058045368,0.097622112,48.17448423,34.81234655,12.70527088,2.2366748,9.496845,1.5550058,23.504057,12.622139,45.90848484,10.008622,2.507558,3.6696086,9.167177,-0.330991146,-0.174442356,-0.236301746,0.43961179,-0.159932843,-0.168907212,-0.17116488,Overweight,83.9,75.8,8,19,10.9,81.8,55.4,6.1,90.4,87.1,54.3,31.9,52.4,94.3,85.1,61,81.4,12.7,1.2,90.8,36.7,33.4,25.3,23,39.525,39.525
72,TRMB-US,Trimble Inc.,Industry-Specific Software,United States,15936.05733,163.1984858,0.996394,3587.3,3.13,0.082889791,0.147455228,66.09706464,23.11487748,11.81947426,0.2126185,5.4037156,,13.421462,11.314032,26.40048357,18.152122,3.9833164,4.3346767,14.657184,-0.337249615,-0.308772238,-0.252342857,0.426678936,-0.116805271,-0.147967403,-0.15435448,Buy,71.2,56.3,22.9,41.6,31.7,58.4,51.8,25.7,53.5,,22.2,26.3,7.3,61,59.8,56.4,50,13.8,12.8,89.6,32.1,24.2,21.9,18.4,40.415,40.415
37,TOST-US,"Toast, Inc.",Retail Industry Software,United States,15452.75,408.8613704,0.920785,6153,0.976804,0.189141161,0.255785611,25.84105314,6.029579067,5.558264261,-3.091471,5.2626314,0,25.192535,17.005116,34.34008335,19.809118,1.9464818,1.7431905,15.882346,-0.569610451,-0.613015995,-0.495167137,0.493418428,-0.235092387,-0.271756528,-0.354125661,Overweight,82.7,33.3,80.4,76.1,1.2,27.2,37.3,80.5,51.1,0,61.7,54.1,20.7,54.1,94.3,97.8,45.4,58.7,76.8,37.9,44.8,66.7,51.8,66.7,50.54,50.54
30,IOT-US,"Samsara, Inc. Class A",Asset Management Software,United States,14808.94833,249.9848193,0.969645,1249.199,0.26,0.203147082,0.201974792,76.92152392,4.943414863,-2.785492056,-3.132429,1.7924755,0,20.341005,19.36177,44.00258441,41.182133,7.3442974,7.100878,39.29948,-0.775982139,-0.77667612,-0.553991881,0.861997249,-0.241359415,-0.306358382,-0.342288183,Buy,41.3,13.7,86.2,67.8,65.8,24.6,25.3,81.8,8.3,0,46.9,59.7,46.3,19.6,23,21.9,12.8,94.3,96.6,16,81.6,69,67.9,62.1,52.895,52.895
61,7203-SA,Elm Company,Industry-Specific Software,Saudi Arabia,14641.51328,23.72889201,0.301376,1974.9344,6.0894704,0.160139345,0.15413643,38.9886255,25.00395296,24.37525492,-0.7245023,4.268855,1.889958,29.143774,28.911726,51.80327323,20.907848,4.5401807,4.367056,17.004622,-0.452437165,-0.45419519,-0.387147352,0.454089066,-0.0853034,-0.147180866,-0.211606413,Overweight,55.1,74.7,62,45.2,6,61,83.1,41.5,36.9,92.3,75.3,86.1,70.7,50.6,50.6,54.1,43.1,31.1,33.8,63.2,39,18.4,20.7,29.9,43.14,43.14
78,TYL-US,"Tyler Technologies, Inc.",Government and Not-For-Profit Industry Software,United States,13862.25892,330.7664252,0.995798,2332.34,11.31,0.091346783,0.123155243,44.04507919,21.67522745,13.53160345,-1.6712828,4.9557967,,12.748755,7.811216,37.00170225,24.83925,5.311713,5.236899,17.846235,-0.55302656,-0.551098249,-0.495349835,0.376366443,-0.224922231,-0.28892706,-0.373344351,Overweight,59.7,91.9,29.8,27.3,7.3,53.2,60.2,61,47.6,,20.9,18,30.4,38,40.3,42.6,36.1,57.5,55.9,36.7,26.4,57.5,59.8,73.6,37.24,37.24
39,4684-JP,"OBIC Co., Ltd.",Enterprise Resource Planning Software,Japan,12212.77993,70.21557778,0.610278,850.0912,1.0300099,0.090012798,0.088691233,78.06882929,67.50740713,54.86363291,-2.4340098,4.0782948,2.3684075,15.78459,15.813934,84.56796637,21.7261,13.252149,10.317653,15.253282,-0.365474235,-0.385664577,-0.364145634,0.353101907,-0.144290105,-0.191837033,-0.259146925,Overweight,25.2,34.4,28.7,11.9,70.7,98.7,97.5,74.4,34.5,94.8,32,44.4,95.1,47.2,6.9,10.4,46.6,17.3,22.1,71.2,22.9,31.1,31.1,42.6,49.965,49.965
73,CFLT-US,"Confluent, Inc.",Data Storage Infrastructure Software,United States,11889.29006,550.2187821,0.986307,1166.748,0.42,0.165553431,0.267822109,74.23565329,-28.73911076,-25.30752142,-8.402611,1.2107568,0,14.269268,8.486023,30.93625546,58.693146,7.8693733,6.8784785,57.08472,-0.304259573,-0.358196089,-0.07,0.01010101,0.010909522,0.15462754,0.270100089,Hold,37.9,18.3,64.3,77.3,51.2,1.2,4.8,97.6,4.7,0,25.9,20.8,13.4,11.5,21.9,24.2,7,6.9,17.5,98.8,0,6.9,1.2,1.2,39.975,39.975
1,HUBS-US,"HubSpot, Inc.",Customer Relationship Management Software,United States,11783.41946,596.6740602,0.962729,3131.266,9.7,0.168975919,0.247748452,83.75894918,5.606292171,1.466395177,-2.246335,6.229393,0,25.59808,23.993046,41.91565561,16.9301,3.0278015,2.6731067,11.019534,-0.77739144,-0.800129986,-0.709799733,0.624985738,-0.329369281,-0.417679753,-0.523401165,Buy,67.8,88.5,67.8,75,92.6,25.9,31.3,70.8,63,0,64.1,73.6,42.6,65.6,73.6,82.8,73.3,95.5,98.9,2.2,58.6,92,96.6,96.6,67.85,67.85
65,GWRE-US,"Guidewire Software, Inc.",Finance Industry Software,United States,10758.7965,222.5175021,0.993233,1202.459,2.65,0.154898437,0.246344174,63.13353985,8.846900284,7.229462104,-3.1467884,3.4658768,0,14.88871,11.402169,41.62525312,35.21698,6.7548265,6.668036,28.210186,-0.624017338,-0.635376941,-0.55165077,1.130720504,-0.265849823,-0.37923626,-0.42485913,Buy,39,54,58.6,73.8,25.6,29.8,40.9,83,27.3,0,28.3,27.7,41.4,24.2,27.6,26.5,16.3,79.4,81.4,17.2,94.2,75.9,88.6,85.1,41.82,41.82
50,RBRK-US,"Rubrik, Inc.",Network Infrastructure Software,United States,10670.03122,249.3724299,0.897774,886.544,-1.57,0.230691066,,79.05461024,-28.86519969,-31.48494034,,2.5956426,0,,,19.93362254,436.8582,5.915056,5.5897255,,-0.923887295,,-0.541165049,1.209792298,-0.292381497,-0.33802014,-0.404275327,Buy,28.7,0,90.8,,79.2,0,2.4,,15.4,0,,,4.8,2.3,34.5,36.8,,98.9,,22.9,96.5,81.7,78.2,79.4,45.885,45.885
85,WTC-AU,Wisetech Global Ltd.,Enterprise Resource Planning Software,Australia,10636.59113,66.28788392,0.572564,778.7,0.723086,0.224177397,0.319847756,,,,2.4229143,2.750693,0.67131096,13.841574,7.10143,63.52248013,35.129063,6.830983,6.745338,15.161566,-0.596566474,-0.708931138,-0.607737189,1.28751975,-0.240678641,-0.305025963,-0.452491553,Buy,20.6,27.5,88.5,88,,,,2.5,20.2,78.2,23.4,13.8,89,25.3,26.5,25.3,47.7,66.7,91.9,5.7,98.8,67.9,65.6,92,31.74,31.74
2,NTNX-US,"Nutanix, Inc.",Data Storage Infrastructure Software,United States,10606.84108,171.3123444,0.975413,2537.927,1.78,0.127626046,0.147489041,87.01322269,10.77180276,8.425292841,-2.2363482,8.494375,0,1657.357,44.883194,42.09769217,18.824331,3.3060355,3.4367762,13.793108,-0.586135088,-0.643746907,-0.551583493,0.621599331,-0.188072617,-0.323897807,-0.424552577,Overweight,60.9,42.5,49.4,42.8,97.5,35,44.5,69.6,82.1,0,100,95.8,43.9,57.5,69,65.6,53.5,62.1,83.8,18.3,57.4,42.6,74.8,84,66.775,66.775
71,RMBS-US,Rambus Inc.,Electronic Design Automation Software,United States,10551.13936,331.53107,0.991646,705.693,2.498957,0.155327832,0.188195018,74.6301033,42.70706443,32.5671608,,2.9468982,,18.88083,,70.3582794,31.352846,12.442748,11.716663,23.17896,-0.249241611,-0.238761707,-0.298195212,0.247769497,-0.068094538,-0.054827824,0.118762374,Overweight,13.7,50.5,59.7,59.5,54.8,89.6,92.7,,22.6,,41.9,,91.4,31.1,9.2,9.2,24.5,2.3,4.7,81.6,9.1,17.3,11.5,2.3,40.68,40.68
7,DT-US,"Dynatrace, Inc.",Network Infrastructure Software,United States,10430.7128,240.6782734,0.988815,1698.683,1.39,0.14758577,0.145529834,81.57441936,14.26151081,9.553450707,-2.5830917,5.865289,0,17.98504,16.551868,49.57697059,17.791622,4.409455,3.9988263,13.002628,-0.545532473,-0.561622715,-0.451133953,0.487316677,-0.16745862,-0.233068342,-0.296093676,Overweight,51.7,37.9,57.4,40.4,82.9,42.8,45.7,76.9,60.7,0,40.7,50,60.9,64.4,52.9,57.5,61.7,54.1,58.2,49.4,43.6,35.7,39.1,52.9,60.835,60.835
81,SGE-GB,Sage Group plc,Enterprise Resource Planning Software,United Kingdom,10079.27778,57.8097893,0.976583,3286.8784,0.5561403,0.098617222,0.15351684,,,,1.1956998,7.6008525,2.9913058,54.186386,20.888365,37.57309269,14.955138,2.6030576,3.1585014,11.613779,-0.47670399,-0.430638106,-0.403979988,0.654046771,-0.205702886,-0.246806687,-0.295269583,Overweight,68.9,24.1,33.3,44,,,,14.7,75,97.4,92.5,66.6,32.9,74.8,82.8,70.2,68.7,39.1,28,62,65.5,49.5,46,51.8,35.725,35.725
40,BSY-US,"Bentley Systems, Incorporated Class B",Computer Aided Design Software,United States,9896.437516,107.4500655,0.411494,1353.095,1.07,0.095297129,0.125991208,78.94684932,28.33887778,18.44167781,0.8514936,5.3412943,0.94347215,19.14268,13.290447,44.54270074,23.4727,5.8454885,7.086333,19.349241,-0.495177163,-0.472454142,-0.456540084,0.629240373,-0.138565256,-0.240814922,-0.322789232,Overweight,45.9,35.6,32.1,28.5,78,70.1,68.6,18.3,52.3,79.4,43.2,34.7,48.7,42.6,35.7,23,31.4,44.9,37.3,47.1,59.7,28.8,42.6,58.7,49.36,49.36
11,DOCU-US,"DocuSign, Inc.",Content Management Software,United States,9438.986835,234.2283134,0.98991,2976.739,3.55,0.066543482,0.089176478,78.88724907,12.33536949,9.568956457,-1.5761341,12.54325,0,27.834946,26.956663,38.71034429,10.082799,2.432472,2.3265772,6.6893134,-0.612576167,-0.627566276,-0.558994402,0.896706587,-0.290232753,-0.347645038,-0.417107036,Overweight,66.6,62,12.6,13,76.8,37.6,46.9,59.8,96.4,0,71.6,84.7,35.3,93.2,88.6,90.9,94.2,75.9,79.1,13.7,83.9,79.4,82.8,80.5,60.11,60.11
79,XRO-AU,Xero Limited,Enterprise Resource Planning Software,Australia,9180.380445,72.69700524,0.974181,1233.7311,0.8625225,0.266808075,0.304203167,,,,0.25064355,3.2626674,0,4.9531436,3.5982435,48.62726349,57.725613,4.3174863,3.0925577,12.639271,-0.427055222,-0.664580853,-0.584382235,1.04861825,-0.214269136,-0.331499398,-0.451236481,Buy,40.2,31,94.2,85.7,,,,24.4,26.1,0,4.9,6.9,56,12.7,55.2,71.3,65.2,25.3,87.3,8,90.8,54.1,75.9,90.9,36.41,36.41
42,301269-CN,"Empyrean Technology Co., Ltd. Class A",Electronic Design Automation Software,China,8352.442545,100.4743099,0.278328,167.41562,0.027400265,0.269266717,0.655980948,94.11900344,,4.673893577,-2.7115126,,0.5845283,5.551528,,27.96292561,199.64244,29.055767,28.31335,144.68637,-0.354427219,-0.241747369,-0.254119346,0.337593575,-0.005370726,-0.043308808,-0.052110834,Overweight,0,5.7,95.4,97.6,100,,36.1,79.3,,75.6,6.1,,9.7,3.5,2.3,2.3,0,16.1,5.9,88.5,19.5,8.1,10.4,12.7,49.09,49.09
23,PCOR-US,Procore Technologies Inc,Other Real Estate Investment and Services,United States,8078.709471,182.2214686,0.804174,1322.509,1.36,0.131423528,0.280883211,78.43787831,-0.543663597,-7.620590862,-2.4695642,3.731448,0,19.203627,19.587976,35.98401675,26.127882,4.98915,4.3643703,17.47233,-0.590276667,-0.603087508,-0.423616846,0.484968481,-0.247376755,-0.295865987,-0.293917371,Overweight,44.8,36.7,52.8,82.1,73.1,16.8,13.2,75.7,30.9,0,44.4,62.5,29.2,34.5,46,55.2,40.7,63.3,72.1,56.3,42.5,73.6,61,50.6,54.67,54.67
82,MANH-US,"Manhattan Associates, Inc.",Enterprise Resource Planning Software,United States,7967.908019,158.9741665,0.985669,1081.392,5.06,0.076524361,0.083939389,55.73705002,26.72980751,20.33934041,-1.3750646,4.7940693,0,89.44047,,40.24857584,24.489101,6.707613,6.612226,18.91089,-0.456088325,-0.457632898,-0.473748079,0.633358955,-0.200846206,-0.253247741,-0.311879998,Overweight,35.6,71.2,20.6,8.3,15.8,66.2,75.9,56.1,45.2,0,96.2,,37.8,40.3,28.8,28.8,32.6,32.2,34.9,43.6,60.9,47.2,49.5,54.1,33.495,33.495
38,NICE-US,NICE Ltd.,Customer Relationship Management Software,Israel,7590.521471,120.0069007,,2945.399,12.3,0.093641989,0.030952715,66.41350803,28.99099262,20.8069341,-0.9066431,8.796933,0,14.63316,16.201094,42.38715648,10.236411,2.1492493,2.198668,7.308763,-0.26205583,-0.253666232,-0.366812469,0.339129503,0.026829927,-0.030194071,-0.166124531,Overweight,65.5,93.1,31,0,35.3,71.4,77.1,47.6,83.3,0,27.1,45.8,45.1,92,90.9,94.3,90.7,4.6,9.4,70.1,20.6,5.8,8.1,19.6,49.97,49.97
64,SAIL-US,"SailPoint, Inc.",Network Infrastructure Software,United States,7459.214632,47.74820854,0.10781,861.611,-0.118843,0.186557247,0.292994586,54.76816568,-8.558152799,-61.93777105,-2.4121819,2.9394305,0,2.7033179,2.7396553,,39.539066,5.592511,5.3308153,27.582272,-0.750844804,-0.662556483,-0.486011191,1.011404899,-0.291249187,-0.340118584,-0.357957446,Buy,26.4,2.2,79.3,84.5,14.6,9,0,73.2,21.4,0,3.7,5.5,,21.9,39.1,39.1,17.5,92,86.1,42.5,88.5,80.5,79.4,70.2,42.365,42.365
76,DOX-US,Amdocs Limited,"Design, Integration and Implementation Consulting",United States,7326.09113,122.8240241,0.990732,4532.913,6.99,0.036878874,0.086267601,36.07961469,22.04102498,12.3025159,0.4146939,9.834036,2.8387449,23.626284,,15.55227736,8.743134,1.5309705,1.6666608,6.484048,-0.311121634,-0.319111544,-0.293888789,0.417544901,-0.142485836,-0.153017023,-0.198682399,Overweight,75.8,78.1,3.4,9.5,2.4,55.8,53,23.2,95.2,96.1,55.5,,3.6,96.6,97.8,98.9,95.4,10.4,15.2,82.7,31,29.9,24.2,27.6,38.07,38.07
60,CWAN-US,"Clearwater Analytics Holdings, Inc.",Finance Industry Software,United States,7305.913587,334.0614773,0.956205,731.368,0.54,0.225782893,0.279779629,67.29129522,15.53609127,-5.348333534,1.4688005,3.4846368,0,9.091927,7.216117,95.81266851,31.499775,7.061019,7.2657623,20.667297,-0.443274675,-0.495106436,-0.27460815,0.131621219,-0.017968544,0.083708776,0.086117272,Overweight,16,22.9,89.6,80.9,36.5,45.4,16.8,13.5,28.5,0,11.1,15.2,96.3,29.9,25.3,19.6,28,28.8,39.6,86.2,4.5,11.5,3.5,4.6,43.795,43.795
27,PEGA-US,Pegasystems Inc.,Customer Relationship Management Software,United States,7292.417838,127.1965942,0.541906,1745.812,2.1,0.129485901,0.19143657,75.72894447,17.61220567,22.53604626,-0.6943139,7.9753637,0.25348815,75.47403,,44.00364724,15.217827,3.503923,3.6568003,11.670937,-0.492907843,-0.507377891,-0.383553598,0.431634111,-0.194776597,-0.237214762,-0.223704018,Buy,52.8,48.2,50.5,60.7,62.1,46.7,81.9,40.3,79.7,73,95,,47.5,72.5,64.4,63.3,67.5,43.7,43.1,64.3,33.3,46,41.4,32.2,53.36,53.36
86,600588-CN,Yonyou Network Technology Co. Ltd. Class A,General Enterprise Management Software,China,7219.19912,306.394762,0.479218,1260.1362,-0.0826048,0.088627117,,47.64442371,,-22.36454962,0.9752521,-0.80134237,0.093905404,0.1485912,,-15.57848571,4360.124,4.78163,5.1442766,44.70948,-0.989851717,-0.349438803,-0.235306663,0.011438343,0.029692599,0.021876705,0.041777493,Hold,42.5,3.4,27.5,,9.7,,7.2,15.9,2.3,71.7,0,,0,0,48.3,44.9,10.5,100,16.3,91.9,1.1,4.6,5.8,8.1,26.99,26.99
84,PSN-US,Parsons Corporation,Industry-Specific Software,United States,6906.177353,84.21377511,0.986336,6364.245,3.17,0.064737339,0.094110141,22.49338295,8.292028355,3.788964755,0.42511645,6.176691,0,12.480834,6.476392,3.850960135,19.09991,1.005265,1.1964703,12.2619295,-0.259098967,-0.251798041,-0.281675978,0.257087945,-0.032721079,-0.140065408,-0.133955958,Overweight,85,57.4,10.3,15.4,0,28.5,34.9,22,61.9,0,19.7,9.7,1.2,56.4,100,100,66.3,3.5,8.2,83.9,11.4,12.7,19.6,13.8,31.835,31.835
69,TTAN-US,"ServiceTitan, Inc. Class A",General Enterprise Management Software,United States,6874.58371,127.2057479,0.653607,771.878,0.333181,0.141318273,0.230223557,66.37730161,-14.81578899,-23.90797798,-3.8846505,1.592536,0,6.7531557,-6.9383125,,56.04676,5.309052,4.98485,41.940483,-0.783540453,-0.596822229,-0.522348283,1.101267336,-0.299146865,-0.319830787,-0.383316818,Buy,19.5,16,55.1,71.4,34.1,7.7,6,89.1,7.1,0,8.6,1.3,,13.8,41.4,48.3,11.7,96.6,71,27.5,93.1,82.8,73.6,75.9,40.84,40.84
20,PAYC-US,"Paycom Software, Inc.",Enterprise Resource Planning Software,United States,6377.355202,266.3876013,0.876616,2051.7,9.24,0.072057741,0.106073234,74.0166691,40.81005995,22.09874738,-0.7850978,7.6965933,0.62816703,24.751667,26.91444,51.95089611,11.014366,2.8080814,2.776863,6.3088236,-0.611239568,-0.61335563,-0.572639677,0.281715197,-0.217626145,-0.303030414,-0.426260455,Overweight,58.6,87.3,18.3,22.6,48.7,88.3,80.7,42.7,76.1,76.9,59.2,83.3,71.9,90.9,79.4,80.5,96.6,74.8,78,11.4,12.6,55.2,64.4,86.3,56.37,56.37
41,OS-US,"Onestream, Inc. Class A",Enterprise Resource Planning Software,United States,6347.460258,109.8590901,0.963263,489.407,0.14,0.185933894,0.516402915,67.85887639,-23.24624963,-14.49979586,-13.464788,2.2062106,0,11.443292,-8.979776,,79.010185,7.965335,5.309584,64.070816,-0.727494142,-0.813958887,-0.206338503,0.02520531,0.080927191,0.14688565,0.053310958,Hold,5.7,10.3,78.1,95.2,37.8,5.1,10.8,98.8,11.9,0,17.2,0,,9.2,18.4,40.3,4.7,88.6,100,94.2,2.2,1.2,2.3,6.9,49.14,49.14
57,OTEX-US,Open Text Corporation,General Enterprise Management Software,Canada,6101.360927,71.00247676,0.980329,5168.405,3.82,0.010837029,0.115982751,63.91041226,33.12156078,8.424021062,2.4002302,15.634026,4.606401,24.989855,10.975016,24.10672765,5.4948325,1.1327357,2.1620786,5.999792,-0.41278828,-0.278564717,-0.405513784,0.404738786,-0.193578546,-0.278822401,-0.252616787,Hold,77,65.5,1.1,26.1,26.8,80.5,43.3,3.7,100,98.7,60.4,25,6,100,98.9,95.5,97.7,23,10.5,59.7,29.8,44.9,56.4,39.1,44.16,44.16
87,600536-CN,China National Software & Service Company Limited Class A,Industry-Specific Software,China,6097.696326,141.3399437,0.62902,715.4508,-0.067443416,0.122370973,1.415535883,37.50238575,,-3.287609603,,,,10.087157,,,175.93134,6.5490384,6.436354,93.80176,-0.507041743,-0.210360642,-0.175736228,0.351650814,-0.012449107,-0.037508777,-0.019320867,Buy,14.9,4.5,43.6,100,4.8,,21.6,,,,12.3,,,4.6,29.9,31.1,1.2,49.5,2.4,95.4,21.8,10.4,9.2,10.4,23.265,23.265
18,ESTC-US,Elastic NV,Business Intelligence Software,United States,5993.776829,131.9546865,0.869978,1483.296,2.04,0.136680166,0.156603735,75.53508268,-1.445239001,-6.793331693,-3.8593311,6.412853,0.04426657,25.872734,16.988472,34.54685543,19.606932,2.9452434,2.5553358,14.433481,-0.653180365,-0.669376265,-0.546003915,0.765688339,-0.242056083,-0.305146657,-0.340935109,Overweight,48.2,45.9,54,46.4,59.7,14.2,15.6,87.9,65.4,69.2,66.6,52.7,21.9,55.2,75.9,85.1,52.4,84,88.4,21.8,78.1,70.2,66.7,61,57.39,57.39
46,APPF-US,AppFolio Inc Class A,Other Real Estate Investment and Services,United States,5984.655357,92.68422121,0.934494,950.822,5.29,0.168528091,0.220793553,61.29748786,18.6984525,14.82117578,-1.4468073,4.6622825,0,30.303755,30.307516,45.65955877,24.145477,5.1451097,5.006605,17.5448,-0.552860593,-0.548368438,-0.499049196,0.658197147,-0.227945052,-0.276048224,-0.314757973,Buy,31,72.4,66.6,70.2,23.1,49.3,63.8,57.4,41.6,0,77.7,87.5,50,41.4,43.7,47.2,38.4,56.4,54.7,35.6,66.6,61,55.2,55.2,47.54,47.54
14,PATH-US,"UiPath, Inc. Class A",Enterprise Resource Planning Software,United States,5748.391856,352.6055607,0.886663,1429.664,0.53,0.083729394,0.101414182,83.16224661,2.496601981,14.78722384,-4.320796,7.8822527,0,17.315912,16.631624,26.99693279,13.301368,3.107072,2.3796632,9.708376,-0.488241263,-0.571619676,-0.487399194,0.580278073,-0.30633236,-0.318140676,-0.24815921,Hold,47.1,21.8,24.1,21.4,91.4,22,62.6,90.3,77.3,0,35.8,51.3,8.5,81.7,71.3,87.4,79.1,41.4,61.7,41.3,52.8,84,72.5,33.4,58.6,58.6
28,PCTY-US,Paylocity Holding Corp.,Enterprise Resource Planning Software,United States,5687.147399,127.5947476,0.799525,1595.221,7.17,0.088256082,0.093196551,68.07246526,26.99157116,14.18660853,-0.94303554,7.9554663,0,27.48545,30.7008,50.2865053,12.497727,3.0027082,3.0367985,8.411194,-0.577179173,-0.575498785,-0.51533159,0.665419029,-0.258150521,-0.286200687,-0.371677463,Buy,50.5,81.6,26.4,14.2,39,67.5,61.4,48.8,78.5,0,67.9,88.8,63.4,85.1,74.8,72.5,88.4,61,62.8,29.8,67.8,74.8,58.7,72.5,53.285,53.285
58,PRESIGHT-AE,Presight AI Holding Plc,Business Intelligence Software,United Arab Emirates,5527.748724,4.727439171,0.145,824.91144,0.030309143,0.232037337,0.241866176,36.7841486,25.90043833,19.23651319,-2.0167847,4.6931973,0,14.894305,,62.79339746,26.005196,5.2132773,4.759802,17.829409,-0.310679708,-0.238043228,-0.117073207,0.244475204,0.058954127,0.064596179,0.0897539,Buy,24.1,6.8,91.9,72.6,3.6,63.6,72.2,64.7,42.8,0,29.6,,87.8,35.7,42.6,50.6,37.3,9.2,3.5,97.7,8,2.3,4.6,3.5,44.02,44.02
83,TNE-AU,Technology One Limited,General Enterprise Management Software,Australia,5460.094024,25.52797696,0.908408,395.72516,0.2732973,0.168024186,0.215691079,,,,-0.8056616,2.5583637,1.6164336,34.55223,32.388805,61.80773,43.709637,10.496473,10.212725,23.072517,-0.507447321,-0.519310145,-0.404408086,0.398096903,-0.063948431,-0.185363046,-0.279316022,Overweight,4.5,14.9,65.5,69,,,,44,14.2,88.4,81.4,90.2,84.1,18.4,11.5,11.5,25.6,50.6,45.4,60.9,28.7,16.1,29.9,48.3,32.41,32.41
31,S-US,"SentinelOne, Inc.",Network Infrastructure Software,United States,4705.523037,116.2909413,0.956085,821.461,0.05,0.178229774,0.480800054,74.45497601,-27.31743763,-43.0380078,-5.5452037,3.0828953,0,6.5545745,6.576908,33.62457158,40.010273,3.468065,2.8662617,25.67467,-0.623252631,-0.728233885,-0.462173913,0.681234842,-0.135231118,-0.205671391,-0.267362386,Overweight,22.9,8,72.4,92.8,52.4,2.5,1.2,96.4,25,0,7.4,11.1,17,20.7,65.6,78.2,19.8,78.2,93.1,44.8,68.9,26.5,33.4,46,52.63,52.63
75,ACIW-US,"ACI Worldwide, Inc.",Enterprise Resource Planning Software,United States,4091.996605,34.71189661,0.983885,1594.288,1.91,0.066209923,0.095470173,44.09254745,25.96203833,15.0689687,,8.826246,,,,38.96621382,14.838423,2.1062806,2.5029638,8.624083,-0.445665484,-0.378728485,-0.338321293,0.642838576,-0.136056988,-0.175062749,-0.17903648,Buy,49.4,44.8,11.4,16.6,8.5,64.9,65,,84.5,,,,36.5,75.9,92,86.3,84.9,29.9,19.8,75.8,63.2,27.6,27.6,24.2,38.255,38.255
12,CVLT-US,"Commvault Systems, Inc.",Data Storage Infrastructure Software,United States,3872.129047,122.7818786,0.985375,995.619,3.65,0.123108988,0.162624961,80.55267616,9.552176608,7.584846871,-1.3260576,6.802479,,49.075546,19.337397,40.61927292,17.86191,2.8737066,2.8326662,13.727076,-0.604288461,-0.578293533,-0.576300324,0.65039786,-0.229848162,-0.337758402,-0.448504184,Buy,32.1,63.2,44.8,50,81.7,33.7,42.1,54.9,69,,90.1,58.3,39,63.3,78.2,79.4,57,71.3,65.2,9.1,64.3,64.4,77.1,89.7,59.15,59.15
5,WK-US,Workiva Inc.,Enterprise Resource Planning Software,United States,3457.943803,79.68982311,0.945492,884.568,1.78,0.164626936,0.357778995,78.47197728,-3.555520887,-2.95839325,-2.0937455,6.3606224,0,309.34335,26.25798,30.25054301,20.522959,3.0877771,2.963043,18.145847,-0.731795339,-0.774672552,-0.406869561,0.553299948,-0.275668551,-0.31590976,-0.264542024,Buy,27.5,42.5,63.2,90.4,74.3,12.9,24,65.9,64.2,0,98.7,80.5,12.1,51.8,72.5,74.8,34.9,89.7,95.4,58.6,50.5,77.1,71.3,44.9,64.21,64.21
56,CCC-US,CCC Intelligent Solutions Holdings Inc,Finance Industry Software,United States,3291.674747,96.32315671,0.940044,944.8,0.37,0.080913086,0.129509982,66.23595944,22.04611934,-0.278861154,1.5478915,9.735819,0,11.947252,8.55011,51.11108722,11.425718,2.6775587,3.4916353,8.534864,-0.593242736,-0.496362808,-0.548656163,1.314010472,-0.327385227,-0.370987949,-0.43291151,Overweight,29.8,17.2,21.8,29.7,32.9,57.1,27.7,11,94,0,18.5,22.2,65.8,89.7,80.5,64.4,86.1,65.6,40.7,20.6,100,89.7,87.4,87.4,44.805,44.805
4,QLYS-US,"Qualys, Inc.",Network Infrastructure Software,United States,3178.748838,92.66219529,0.986738,669.125,7.07,0.073547437,0.06335629,82.89278955,35.53186655,29.64663814,-2.3236208,9.63157,0,36.528957,35.797325,56.97573563,11.607992,4.263464,3.7940016,8.52044,-0.505284843,-0.520900454,-0.442657747,0.593971725,-0.327918416,-0.345955302,-0.355899187,Hold,11.4,79.3,19.5,2.3,90.2,83.1,90.3,72,91.6,0,83.9,93,78,88.6,56.4,58.7,87.3,48.3,46.6,51.7,54,90.9,81.7,67.9,65.865,65.865
47,QTWO-US,"Q2 Holdings, Inc.",Finance Industry Software,United States,3120.236498,65.64041245,0.971016,794.809,2.554138,0.102275964,0.158541152,54.04946346,14.47681141,6.543458869,-1.3074106,7.446901,,22.66277,20.501839,37.58713299,15.840812,3.3218517,3.3671088,12.789931,-0.606711072,-0.635455805,-0.510117785,0.606237965,-0.277912288,-0.286019028,-0.37420264,Overweight,21.8,51.7,35.6,47.6,13.4,44.1,38.5,53.7,71.4,,53,65.2,34.1,67.9,67.9,67.9,62.8,72.5,82.6,32.1,56.3,78.2,57.5,74.8,47.01,47.01
35,VRNS-US,"Varonis Systems, Inc.",Network Infrastructure Software,United States,2656.614765,130.8160378,0.945823,623.532,0.18,0.170685184,0.657141967,78.83444635,-21.74772105,-20.74055542,-38.68254,4.4314547,0,2.6823802,1.7420769,14.59033903,160.59361,3.322643,2.7010205,90.36751,-0.305282335,-0.540482278,-0.670109546,0.637870873,-0.319883722,-0.444449569,-0.535403714,Overweight,10.3,11.4,68.9,98.8,75.6,6.4,8.4,100,39.2,0,2.4,4.1,2.4,5.8,66.7,81.7,2.4,8.1,52.4,3.4,62,88.6,98.9,97.8,51.645,51.645
16,AVPT-US,"AvePoint, Inc. Class A",Data Storage Infrastructure Software,United States,2347.445189,23.47539517,0.631664,330.482,0.060329,0.177416069,0.20036786,74.47645009,9.103461229,0.500008883,-5.4174366,5.129324,0,19.620695,16.394539,37.13540305,24.756636,4.260499,3.7105808,17.481226,-0.670611142,-0.679387476,-0.508520622,0.857635678,-0.20357949,-0.244383185,-0.352410643,Buy,2.2,9.1,71.2,65.4,53.6,31.1,28.9,95.2,50,0,45.6,48.6,31.7,39.1,57.5,59.8,39.6,85.1,89.6,33.3,80.4,48.3,44.9,65.6,58.025,58.025
63,ALRM-US,"Alarm.com Holdings, Inc.",Other Enterprise Management Software,United States,2280.983615,21.78739711,0.944059,1011.187,2.62,0.04548735,0.069679204,63.10138481,17.94425759,13.11073026,-1.1283462,9.203352,,,8.412617,27.96547778,15.751987,2.06403,2.5857248,12.688713,-0.401539282,-0.29595324,-0.279596157,0.311030741,-0.109877065,-0.11855039,-0.170723775,Overweight,34.4,52.8,6.8,4.7,24.3,48,57.8,51.3,88,,,19.4,10.9,70.2,93.2,84,64,21.9,11.7,85,16,23,17.3,21.9,42.69,42.69
9,TENB-US,"Tenable Holdings, Inc.",Network Infrastructure Software,United States,2269.243518,70.82635667,0.97952,999.405,1.59,0.071785846,0.144845535,81.9554635,4.318169311,-3.6139503,-0.88478714,12.573323,0,46.31381,26.407124,34.58979901,9.230233,1.9353696,1.9595652,7.7928104,-0.631739819,-0.579428916,-0.5514377,0.750553903,-0.233256149,-0.311841618,-0.38685351,Overweight,33.3,41.3,17.2,39.2,84.1,23.3,20.4,46.4,97.6,0,86.4,81.9,23.1,95.5,95.5,96.6,89.6,81.7,66.3,19.5,73.5,65.6,70.2,77.1,60.77,60.77
53,BLKB-US,"Blackbaud, Inc.",Government and Not-For-Profit Industry Software,United States,2196.88285,28.21302573,0.771211,1128.365,4.45,0.039547209,0.140396291,58.56259676,25.3849728,10.19985068,2.2733393,13.250889,0,,19.793037,33.5707855,8.710224,1.8023068,2.2044744,5.9167876,-0.464181056,-0.451855531,-0.382077991,0.253511995,-0.183109234,-0.216581981,-0.251324179,Hold,36.7,68.9,5.7,34.5,19.5,62.3,49.3,4.9,98.8,0,,63.8,15.8,97.8,96.6,93.2,98.9,34.5,32.6,65.5,10.3,39.1,35.7,36.8,45.365,45.365
44,SPSC-US,"SPS Commerce, Inc.",Enterprise Resource Planning Software,United States,2081.901064,73.07571281,0.982899,751.505,4.27,0.071654655,0.099277172,64.23204104,23.4943214,12.42027664,-1.0702497,9.224587,0,15.324311,,48.62131021,11.8445635,2.500564,2.3629503,7.1404963,-0.677112149,-0.696784813,-0.645983493,0.514033751,-0.356852921,-0.391433375,-0.499365546,Overweight,18.3,67.8,16,20.2,28,59.7,54.2,50,89.2,0,30.8,,54.8,87.4,86.3,88.6,91.9,86.3,90.7,4.5,45.9,97.8,93.2,95.5,48.325,48.325
22,BL-US,"BlackLine, Inc.",Enterprise Resource Planning Software,United States,2077.102343,66.7245007,0.812979,700.427,2.13,0.103943386,0.143244987,75.20826581,12.63957557,3.500436163,-0.33578828,8.830164,0,29.62201,24.309095,34.7291317,13.264449,2.4881513,2.9902728,10.37743,-0.498144438,-0.473520182,-0.453584019,0.715703625,-0.358908707,-0.380208958,-0.392099819,Overweight,12.6,49.4,36.7,36.9,56,38.9,33.7,30.5,85.7,0,76.5,75,26.8,82.8,87.4,73.6,76.8,46,38.4,48.2,71.2,98.9,89.7,78.2,54.75,54.75
77,AGYS-US,"Agilysys, Inc.",Hospitality Industry Software,United States,2066.182609,39.94810627,0.914653,275.624,1.55,0.143405571,0.291647514,58.68862592,12.12158282,9.793456006,-1.974763,3.5216746,,,,35.60329927,33.82302,5.6205616,5.5162,25.171505,-0.528999129,-0.530516873,-0.505679862,0.922005571,-0.315024713,-0.360112649,-0.347383553,Buy,1.1,39,56.3,83.3,20.7,36.3,48.1,63.5,29.7,,,,28,28.8,38,38,22.1,52.9,48.9,34.4,85,86.3,86.3,63.3,37.855,37.855
48,VERX-US,"Vertex, Inc.",Enterprise Resource Planning Software,United States,1982.912734,49.86043072,0.934164,748.444,0.64,0.112847923,0.179549617,60.34078702,13.41516533,0.963465536,-0.072807506,4.797431,0,35.884727,19.439404,33.8316363,15.862719,2.280709,2.327368,10.044567,-0.739295742,-0.737275435,-0.737450895,0.560201995,-0.332423254,-0.401208037,-0.540705588,Overweight,17.2,25.2,41.3,54.7,21.9,41.5,30.1,28.1,46.4,0,82.7,61.1,18.2,66.7,89.7,89.7,78,90.9,94.2,0,51.7,94.3,94.3,98.9,46.995,46.995
70,NCNO-US,nCino Inc,Finance Industry Software,United States,1781.672287,49.02790457,0.955767,540.657,0.65,0.084298022,0.169012404,56.71227738,9.232290681,-3.711262863,-0.06432107,6.719617,0,10.832922,8.973191,32.36524802,14.047913,2.6106212,2.9384642,11.451214,-0.631833809,-0.605434204,-0.568396226,1.254098361,-0.350162238,-0.388449465,-0.437526135,Overweight,8,26.4,25.2,52.3,17,32.4,19.2,26.9,67.8,0,14.8,23.6,14.6,79.4,81.7,75.9,71,82.8,73.3,12.6,97.7,95.5,92,88.6,40.81,40.81
52,ALKT-US,Alkami Technology Inc,Finance Industry Software,United States,1734.818994,38.0755547,0.634073,333.849,0.209631,0.195525617,0.516230128,57.30611097,-6.356059578,-10.63116964,1.5312121,4.7438602,0,23.872728,13.11424,34.10400643,15.834405,2.8843591,3.3764856,17.057758,-0.757687517,-0.658826485,-0.52,0.945162145,-0.246814287,-0.271212175,-0.357780276,Buy,3.4,12.6,82.7,94,18.2,10.3,12,12.2,44,0,58,33.3,19.5,69,77.1,66.7,41.9,93.2,84.9,28.7,86.2,72.5,50.6,69,45.645,45.645
24,INTA-US,"Intapp, Inc.",Finance Industry Software,United States,1701.232342,51.9610375,0.896678,504.12,0.94,0.130909811,0.197572712,73.9068099,-0.952072455,-4.374232756,-2.1524813,8.47397,0,21.65641,,34.69144636,14.087304,2.515472,2.2636244,10.673442,-0.795893886,-0.779286609,-0.721100129,1.189265537,-0.474011238,-0.495913195,-0.548552097,Overweight,6.8,32.1,51.7,64.2,47.5,15.5,18,67.1,80.9,0,49.3,,24.3,78.2,84,92,75.6,97.8,97.7,1.1,95.4,100,100,100,54.335,54.335
